exp,peers,nlr,failures,numStraggler,numTnCheckpointCnt,numPrivCnt,UseSig,crash-timing,vctimeout,datacenters,bandwidth,num-connections,orderer,clients,instances,client-threads,segment,leader-policy,epoch,batchsize,batchtimeout,batchrate,msgbatchperiod,buckets,leader-buckets,authentication,verify-early,throughput-cap,target-throughput,rate-per-client,hard-rate-limit,requests,cl-watermarks,batch-verifier,request-handlers,req-buffer-size,bandwidth-total,batch-size-10pctile-trunc,batch-size-90pctile-trunc,batch-size-avg-trunc,client-slack-1pctile-raw,client-slack-1pctile-trunc,client-slack-avg-raw,client-slack-avg-trunc,client-slack-stdev-raw,client-slack-stdev-trunc,commit-rate-raw,commit-rate-trunc,cpu-total,duration-raw,duration-trunc,epochs-avg,epochs-max,epochs-min,latency-95pctile-raw,latency-95pctile-raw-nowm,latency-95pctile-shortened-raw,latency-95pctile-trunc,latency-95pctile-trunc-nowm,latency-avg-raw,latency-avg-raw-nowm,latency-avg-shortened-raw,latency-avg-trunc,latency-avg-trunc-nowm,latency-stdev-raw,latency-stdev-raw-nowm,latency-stdev-trunc,latency-stdev-trunc-nowm,msg-batch-avg-trunc,nreq-raw,nreq-trunc,propose-rate-raw,propose-rate-trunc,throughput-raw,throughput-trunc,viewchanges-avg,viewchanges-total
0,12,1,0,0,3,10,FALSE,EpochStart,120000,1,1gbit,2,Pbft,16,1,16,256,Simple,3072,4096,125,384,3,192,16,TRUE,FALSE,131072000,5000,312,FALSE,37500,1179648,external,32,8192,None,624,629,635.5567282,2079,2082,2580.369861,2581.679693,330.6211124,326.6570315,94.72354125,94.41499561,None,60.800266,48.299782,1,1,1,563.561,563.532,560.764,562.347,562.314,467.6042361,467.5729509,456.0966539,468.3048284,468.2749878,126.5849329,126.5813982,135.0171818,135.0164103,1,29968,24146,7.897874959,7.875437427,4928.925804,4999.194406,0,0
1,12,1,0,0,3,10,FALSE,EpochStart,120000,1,1gbit,2,Pbft,16,1,16,256,Simple,3072,4096,125,384,3,192,16,TRUE,FALSE,131072000,60000,3750,FALSE,450000,1179648,external,32,8192,None,4096,4096,4096,-3042,-2748,-192.0667587,-181.6179652,683.5798079,670.3557503,161.5403751,171.2786121,None,65.665114,45.12228,3,3,3,9290.939,9290.882,4375.036,6886.445,6886.43,3014.482039,2986.407414,1292.116639,2250.844319,2249.963046,3057.250459,3073.516796,2201.749443,2201.275457,1.290709291,360912,271464,13.46497071,14.70520627,54962.51784,60161.85352,0,0
2,12,1,0,0,3,10,FALSE,EpochStart,120000,1,1gbit,2,Pbft,16,1,16,256,Simple,3072,4096,125,384,3,192,16,TRUE,FALSE,131072000,120000,7500,FALSE,900000,1179648,external,32,8192,None,4096,4096,4096,-7090,-5035,-583.7665099,-587.2888091,3047.276763,3343.597941,115.9779632,159.3398389,None,181.361414,25.232436,7,7,7,123373.892,123373.821,67913.212,15420.657,15420.552,63471.95176,63399.32521,27204.49735,11060.33568,10977.58984,41803.71404,41903.08731,5631.07971,5739.343418,1.530991736,721808,145576,9.898490702,13.36844338,39799.42503,57693.99356,0,0
3,12,2,0,0,3,10,FALSE,EpochStart,120000,1,1gbit,2,Pbft,16,1,16,256,Simple,3072,4096,125,192,3,192,16,TRUE,FALSE,131072000,5000,312,FALSE,37500,1179648,external,32,8192,None,310,316,319.1604775,2079,2082,2594.054091,2595.338165,323.7348188,317.6982786,188.6456428,187.9193534,None,61.388955,48.165265,1,1,1,725.995,725.959,554.394,731.274,731.228,518.3850313,518.3479567,449.4570134,522.2633504,522.2266585,195.1959806,195.1945254,211.0114246,211.0100469,1.070077085,29968,24033,15.73959034,15.65341366,4881.659901,4989.695375,0,0
0,12,2,0,0,3,10,FALSE,EpochStart,120000,1,1gbit,2,Pbft,16,1,16,128,Simple,1536,4096,125,192,3,192,16,TRUE,FALSE,131072000,60000,3750,FALSE,450000,589824,external,32,8192,None,3789,4096,3934.052464,-5667,-5403,-296.824345,-314.2882645,1136.602853,1165.237127,165.6447169,174.046628,None,71.558278,43.369107,3,3,3,18182.747,18182.715,6941.483,13454.389,13454.361,6600.752097,6581.112433,1874.488536,4760.545666,4760.471296,6154.261886,6171.954131,4344.588897,4344.605538,1.138339921,360912,250110,13.80952607,15.24504187,50436.0935,57670.08299,0,0
5,12,2,0,0,3,10,FALSE,EpochStart,120000,1,1gbit,2,Pbft,16,1,16,256,Simple,3072,4096,125,192,3,192,16,TRUE,FALSE,131072000,120000,7500,FALSE,900000,1179648,external,32,8192,None,4096,4096,4096,-18599,-10513,-1300.251617,-702.8123734,6323.664529,2278.596221,156.3992097,176.499175,None,142.954821,47.375751,3,3,3,85865.651,85820.095,31526.117,31755.583,31744.246,37469.13898,37429.33349,13176.60536,14860.18116,14859.76381,29233.4084,29270.28903,14806.11253,14805.77793,1.378296146,721721,236824,13.0388948,16.91979751,50485.95038,49988.4424,0,0
0,12,3,0,0,3,10,FALSE,EpochStart,120000,1,1gbit,2,Pbft,16,1,16,256,Simple,3072,4096,125,128,3,192,16,TRUE,FALSE,131072000,5000,312,FALSE,37500,1179648,external,32,8192,None,207,210,213.159612,2081,2084,2614.544281,2614.981131,326.7266598,320.9092431,282.6384385,281.2981183,None,61.500607,48.356594,1,1,1,821.396,821.369,552.826,832.251,832.222,536.074755,536.0403133,448.2159624,540.2470549,540.2129533,230.1490915,230.1480079,248.213847,248.2127551,1.026363636,29968,24110,23.57054678,23.45623386,4872.797434,4985.876383,0,0
7,12,3,0,0,3,10,FALSE,EpochStart,120000,1,1gbit,2,Pbft,16,1,16,256,Simple,3072,4096,125,128,3,192,16,TRUE,FALSE,131072000,60000,3750,FALSE,450000,1179648,external,32,8192,None,2516,4096,2852.177228,-5805,-2698,-235.7765189,-181.3127227,1132.962073,932.8895136,259.8541057,237.6110564,None,66.481335,47.883344,1,1,1,19226.488,19226.46,848.201,20172.298,20172.248,5362.639434,5351.063781,512.6667229,5655.431797,5655.375148,6532.363021,6540.25422,7847.205902,7847.204279,1.078826237,360912,214295,21.75303321,21.12375578,54287.7185,44753.55773,0,0
8,12,3,0,0,3,10,FALSE,EpochStart,120000,1,1gbit,2,Pbft,16,1,16,256,Simple,3072,4096,125,128,3,192,16,TRUE,FALSE,131072000,120000,7500,FALSE,900000,1179648,external,32,8192,None,4096,4096,4096,-8842,-7128,-570.8303759,-468.4347164,2030.156848,1273.477936,180.8105014,194.1736446,None,134.546665,31.079831,2,2,2,78016.594,76974.487,50605.699,632.096,632.048,30812.56624,29194.10199,8697.865146,18165.33694,532.156144,27869.0029,26039.16867,546.4460011,546.4446491,1.136842105,721808,220807,15.07861785,17.78894622,53647.40925,71045.10961,0,0
1,12,4,0,0,3,10,FALSE,EpochStart,120000,1,1gbit,2,Pbft,16,1,16,256,Simple,3072,4096,125,96,3,192,16,TRUE,FALSE,131072000,5000,312,FALSE,37500,1179648,external,32,8192,None,153,160,160.9780293,2082,2085,2621.238354,2622.028477,324.5576917,318.6102138,374.7910111,372.1267645,None,61.642385,48.356577,1,1,1,1005.453,1005.412,556.839,1023.425,1023.379,582.8462768,580.101101,445.6026112,592.066882,588.6595432,332.0561823,315.3501164,358.5528586,339.3545266,1.167387033,29968,24083,31.25551661,31.06940585,4861.58996,4980.294614,0,0
10,12,4,0,0,3,10,FALSE,EpochStart,120000,1,1gbit,2,Pbft,16,1,16,256,Simple,3072,4096,125,96,3,192,16,TRUE,FALSE,131072000,60000,3750,FALSE,450000,1179648,external,32,8192,None,1885,4096,2237.499608,-5631,-5019,-226.5588346,-241.520522,1629.007052,1726.314463,339.5450547,319.2513243,None,64.217816,47.52834,1,1,1,13830.799,13798.058,962.177,14369.835,14362.968,3263.780354,3237.619497,518.2600971,3844.808078,3826.767304,4458.142439,4427.074574,4892.805052,4850.635958,1.148598131,360910,278461,28.33366127,26.90399714,56200.91471,58588.41272,0,0
11,12,4,0,0,3,10,FALSE,EpochStart,120000,1,1gbit,2,Pbft,16,1,16,256,Simple,3072,4096,125,96,3,192,16,TRUE,FALSE,131072000,120000,7500,FALSE,900000,1179648,external,32,8192,None,3774,4096,3878.487939,-12347,-9917,-744.3353219,-575.1430816,3312.721106,1860.866445,255.0329296,233.4344148,None,91.802363,37.266463,1,1,1,48367.129,48272.742,1472.615,987.757,987.686,20492.91421,20429.91514,692.3055081,18201.94621,622.4260376,20426.05274,20406.61218,512.9106999,487.2907178,1.149309912,721808,287807,23.55112594,19.32408094,78626.29854,77229.49184,0,0
2,12,6,0,0,3,10,FALSE,EpochStart,120000,1,1gbit,2,Pbft,16,1,16,256,Simple,3072,4096,187,64,3,192,16,TRUE,FALSE,131072000,5000,312,FALSE,37500,1179648,external,32,8192,None,153,158,159.8213104,2082,2086,2621.225674,2625.061857,326.5541464,321.0354131,377.1439439,374.9509862,None,61.752964,48.302155,1,1,1,990.996,990.958,664.63,1013.406,1013.366,601.4067554,598.281547,518.2017738,597.7400205,593.8592431,295.9982538,276.1349819,318.0627771,294.9387652,1.064897813,29968,24079,31.484697,31.30443315,4852.88447,4985.077788,0,0
0,12,6,0,0,3,10,FALSE,EpochStart,120000,1,1gbit,2,Pbft,16,1,16,256,Simple,3072,4096,187,64,3,192,16,TRUE,FALSE,131072000,60000,3750,FALSE,450000,1179648,external,32,8192,None,1874,1891,1907.784722,-5590,-5079,-226.2089484,-215.9126523,1011.863287,964.6910947,330.7274722,384.2307481,None,74.798526,40.056994,1,1,1,23230.792,23230.75,974.189,681.591,681.554,5017.874345,4992.69743,580.7830918,533.4834073,533.425368,8371.341064,8338.821686,87.68787052,87.69009088,1.180412371,360912,241634,27.87005828,27.2983229,48251.21821,60322.54942,0,0
14,12,6,0,0,3,10,FALSE,EpochStart,120000,1,1gbit,2,Pbft,16,1,16,256,Simple,3072,4096,187,64,3,192,16,TRUE,FALSE,131072000,120000,7500,FALSE,900000,1179648,external,32,8192,None,3737,3873,3798.768174,-18578,-16549,-1245.633218,-1156.926865,4303.940756,3482.154024,304.0889041,379.0872718,None,93.726573,39.627615,0.75,1,0,42429.777,41932.488,1654.34,1052.118,1052.075,9537.227118,9449.691467,798.5871085,720.9715306,720.9048149,16256.16904,16146.9288,200.2136869,200.210301,1.118744313,721808,476409,26.48299861,31.59234907,77012.09773,120221.4668,0,0
15,12,8,0,0,3,10,FALSE,EpochStart,120000,1,1gbit,2,Pbft,16,1,16,256,Simple,3072,4096,250,48,3,192,16,TRUE,FALSE,131072000,5000,312,FALSE,37500,1179648,external,32,8192,None,151,162,156.1915858,2082,2085,2636.543013,2637.266976,326.6134021,317.9727355,383.6114329,383.7181557,None,61.332248,48.30857,0,0,0,695.232,695.201,697.926,693.005,692.963,536.0834492,536.0484681,537.6180363,534.6587263,534.6241373,97.45156221,97.45018164,96.63189662,96.63070771,1.219347134,29968,24123,31.97733383,31.9845454,4886.173421,4993.523923,0,0
16,12,8,0,0,3,10,FALSE,EpochStart,120000,1,1gbit,2,Pbft,16,1,16,256,Simple,3072,4096,250,48,3,192,16,TRUE,FALSE,131072000,60000,3750,FALSE,450000,1179648,external,32,8192,None,1879,1891,1885.37931,-7347,-6548,-250.7831881,-236.1786459,1330.295179,1209.51819,382.6714441,382.2624713,None,60.958862,47.252798,0,0,0,802.413,799.151,1381.366,739.05,738.808,609.6586103,605.0043482,653.2693574,569.7646775,569.7041534,219.7115705,201.5462083,100.8143838,100.8127742,1.178513732,360912,284888,31.92254275,31.96378003,59205.82966,60290.18641,0,0
17,12,8,0,0,3,10,FALSE,EpochStart,120000,1,1gbit,2,Pbft,16,1,16,256,Simple,3072,4096,250,48,3,192,16,TRUE,FALSE,131072000,120000,7500,FALSE,900000,1179648,external,32,8192,None,3755,3830,3786.873494,-28036,-26004,-2604.247387,-2473.525048,7068.078312,6209.049207,383.1612921,381.3764929,None,61.231999,46.964439,0,0,0,1053.761,1007.369,1844.537,938.184,938.133,732.0014756,711.1097781,794.9646976,672.4066109,672.3270693,309.2307952,250.1366023,143.6174777,143.6128789,1.116622491,721760,566222,31.90844967,31.75706146,117873.0095,120563.9867,0,0
18,12,10,0,0,3,10,FALSE,EpochStart,120000,1,1gbit,2,Pbft,16,1,16,256,Simple,3072,4096,315,38,3,192,16,TRUE,FALSE,131072000,5000,312,FALSE,37500,1179648,external,32,8192,None,151,165,157.4562092,2082,2085,2623.598739,2625.825701,335.4288955,333.5963124,380.3831923,380.8458627,None,61.211541,48.130067,0,0,0,857.987,857.941,859.376,861.063,861.032,642.9370132,642.9023693,643.9894397,644.4018509,644.3674915,128.3893765,128.3881417,128.6903021,128.6891558,1.130467572,29968,24120,31.77645463,31.79752203,4895.808782,5011.420408,0,0
19,12,10,0,0,3,10,FALSE,EpochStart,120000,1,1gbit,2,Pbft,16,1,16,256,Simple,3072,4096,315,38,3,192,16,TRUE,FALSE,131072000,60000,3750,FALSE,450000,1179648,external,32,8192,None,1873,1978,1899.246205,-7808,-6911,-296.8470237,-286.8881435,1354.330228,1287.81796,380.619171,380.4813009,None,61.380254,47.852269,0,0,0,905.568,902.611,950.892,881.866,881.787,685.0736461,683.1930628,700.8246817,674.2805445,674.2195587,151.2320058,147.9850169,124.3068925,124.3069225,1.163296452,360912,288082,31.75472774,31.73451628,58799.36567,60202.36992,0,0
20,12,10,0,0,3,10,FALSE,EpochStart,120000,1,1gbit,2,Pbft,16,1,16,256,Simple,3072,4096,315,38,3,192,16,TRUE,FALSE,131072000,120000,7500,FALSE,900000,1179648,external,32,8192,None,3737,3969,3812.636485,-37408,-35897,-2882.813492,-2878.737233,7940.234365,7828.983486,379.9528613,378.5133945,None,61.024642,47.597441,0,0,0,1076.086,1040.008,1302.009,1003.96,1003.881,784.9201081,768.3654877,806.784521,761.3358609,761.2538738,204.270036,174.3026658,138.8462117,138.8443878,1.186645213,721724,573116,31.72363544,31.59768564,118267.6336,120408.9943,0,0
21,12,12,0,0,3,10,FALSE,EpochStart,120000,1,1gbit,2,Pbft,16,1,16,256,Simple,3072,4096,375,32,3,192,16,TRUE,FALSE,131072000,5000,312,FALSE,37500,1179648,external,32,8192,None,154,159,156.1757813,2083,2087,2628.779798,2630.727606,325.9571948,320.0475165,384.3642492,383.4758453,None,61.324769,48.033388,0,0,0,1008.338,1008.298,1009.13,1011.46,1011.421,770.7353701,770.7010641,769.4797514,777.5676644,777.533813,148.6169855,148.6164508,146.701858,146.7012955,1.209181637,29968,23977,32.03628443,32.10105881,4886.769325,4991.736165,0,0
22,12,12,0,0,3,10,FALSE,EpochStart,120000,1,1gbit,2,Pbft,16,1,16,256,Simple,3072,4096,375,32,3,192,16,TRUE,FALSE,131072000,60000,3750,FALSE,450000,1179648,external,32,8192,None,1876,1891,1883.353675,-8813,-7995,-341.1411044,-336.9216608,1529.417589,1504.644423,383.9669095,383.4987327,None,61.069696,47.595156,0,0,0,1051.068,1050.146,1076.464,1034.265,1034.186,802.9445956,802.445468,811.8306923,799.1137568,799.0493796,162.9163897,162.1636888,145.281758,145.2843611,1.185867896,360910,286974,31.98732233,32.03982424,59098.05086,60294.79134,0,0
23,12,12,0,0,3,10,FALSE,EpochStart,120000,1,1gbit,2,Pbft,16,1,16,256,Simple,3072,4096,375,32,3,192,16,TRUE,FALSE,131072000,120000,7500,FALSE,900000,1179648,external,32,8192,None,3685,3869,3776.149736,-38663,-35962,-3717.720333,-3657.059948,9054.229397,8679.087951,383.6977378,382.3550853,None,60.770764,47.217348,0,0,0,1268.337,1242.998,1348.047,1222.605,1222.532,937.2905346,924.9992672,948.771414,923.2339537,923.1484842,222.4520158,208.2479258,186.3235003,186.3237566,1.224866639,721706,570889,32.02803456,31.90854187,118758.7505,120906.621,0,0
